Horodateur,Quel est ton parcours académique ?,Combiens de livres as tu  lu les 6 derniers mois?,Comment exprimes tu  tes idées et tes émotions?,Combiens de pages as tu écrites?,As tu fait des tentatives de poésie?,Joues tu le scrable?,As tu  visité un monument historique?,Lis tu  des livres d'histoire?,Votre Réaction face à une nouvelle?,Combiens de journaux par semaine tu lis?,Dans le présent gouvernement: combien de ministres peux tu identifier?,Devant une décision:,Lors d'un discours:,Lors d'une discussion?,Est-ce tu veux te consacrer aux autres?,Est-ce tu as choisi les math comme option?,Est-ce que  tu joues à l'echec?,"Dans ton travail, tu préfères:","Dans ton travail, tu préfères, une activité artistique","Dans ton travail, tu aimes créer, inventer …","En cas de stress, je garde la tête froide",Je repère facilement les petits défauts,Tu es du genre à répondre aux besoins des autres,Votre moyenne des sciences naturelles en 3eme annee secondaire,Je me sens à l'aise en travaillant en équipe,Je trouve du plaisir à travailler les mathématiques,"Ce qu'il t'attire le plus, les sciences fondamentales (math, physiques…).","Ce qu'il t'attire le plus, transmettre tes connaissances aux autres.","Ce qu'il t'attire le plus, travailler avec tes mains.","Ce qu'il t'attire le plus, utiliser des outils ou des instruments.","Ce qu'il t'attire le plus, mettre en application tes connaissances théoriques.","Ce qu'il t'attire le plus, réaliser des projets.","Pour toi, le travail en équipe, est une obligation","Ce qu'il t'attire le plus, faire preuve d'endurance.",Tu est du type qui aime travailler la terre.,Tu est du type qui aime s'occuper des animaux.
2021/04/17 12:58:34 PM UTC+2,Lettres & langues,2 à 4,Réaction verbale,<5,>2,Non,Oui,>3,Admettre,<3,<5,Tu prends la décision tout seul indépendamment des autres,Tu sais séduire les autres,Tu participes et tu acceptes changer tes idées?,Pas du tout,Non mais moyenne en 3eme annee secondaire <10,Non,L'essentiel un travail peu fatiguant,Moyennement,Pas du tout,Moyennement,Moyennement,Oui parfaitement,<10,Pas du tout,Moyennement,Moyennement,Moyennement,Pas du tout,Pas du tout,Pas du tout,Moyennement,Moyennement,Beaucoup,Pas du tout,Moyennement
2021/06/04 2:02:44 PM UTC+2,Sc. Fondamentales,2 à 4,Réaction verbale,<5,Non,Non,Oui,1 à 3,Mettre en question,<3,<5,Tu prends la décision tout seul indépendamment des autres,Tu sais séduire les autres,Tu participes et tu acceptes changer tes idées?,Un peu,Non mais moyenne en 3eme annee secondaire >10,Rarement,Un travail actif,Pas du tout,Moyennement,Oui parfaitement,Oui parfaitement,Moyennement,>15,Oui parfaitement,Moyennement,Oui parfaitement,Moyennement,Pas du tout,Moyennement,Oui parfaitement,Oui parfaitement,Moyennement,Moyennement,Pas du tout,Beaucoup
2021/05/23 10:38:13 PM UTC+2,Agriculture & environnement,<2,Réaction physique,<5,Non,Parfois,Oui,1 à 3,Mettre en question,<3,<5,Tu prends la décision tout seul indépendamment des autres,Tu n'aimes pas te dévoiler devant les autres,Tu participes et tu acceptes changer tes idées?,Un peu,Non mais moyenne en 3eme annee secondaire <10,Rarement,Un travail actif,Pas du tout,Moyennement,Moyennement,Oui parfaitement,Moyennement,10 à 15,Moyennement,Pas du tout,Pas du tout,Moyennement,Oui parfaitement,Oui parfaitement,Oui parfaitement,Moyennement,Moyennement,Beaucoup,Beaucoup,Beaucoup
2021/04/17 2:59:16 PM UTC+2,Médias,2 à 4,Ecrire,>10,>2,Non,Non,Non,Mettre en question,>7,>5,Tu prends la décision tout seul indépendamment des autres,Tu sais séduire les autres,Tu participes et tu tiens à tes idées?,Oui souvent,Non mais moyenne en 3eme annee secondaire <10,Rarement,L'essentiel un travail peu fatiguant,Pas du tout,Moyennement,Oui parfaitement,Moyennement,Moyennement,<10,Oui parfaitement,Pas du tout,Moyennement,Oui parfaitement,Moyennement,Moyennement,Moyennement,Oui parfaitement,Oui parfaitement,Beaucoup,Pas du tout,Pas du tout
2021/04/19 12:21:05 AM UTC+2,Arts et métiers,<2,Ecrire,5 à 10,1 à 2,Parfois,Non,1 à 3,Mettre en question,<3,<5,"Discuter ton point de vue, puis décider",Tu t'exprimes mais timidement,Tu participes et tu acceptes changer tes idées?,Un peu,Non mais moyenne en 3eme annee secondaire <10,Non,Un travail actif,Beaucoup,Beaucoup,Pas du tout,Oui parfaitement,Moyennement,10 à 15,Oui parfaitement,Moyennement,Pas du tout,Oui parfaitement,Oui parfaitement,Oui parfaitement,Moyennement,Oui parfaitement,Moyennement,Pas du tout,Pas du tout,Pas du tout
2021/05/24 11:52:38 AM UTC+2,Etudes ingénieurs & architech,<2,Réaction verbale,<5,Non,Non,Non,Non,Mettre en question,<3,<5,"Discuter ton point de vue, puis décider",Tu sais séduire les autres,Tu participes et tu tiens à tes idées?,Un peu,,Rarement,Un travail actif,Pas du tout,Beaucoup,Oui parfaitement,Oui parfaitement,Moyennement,<10,Oui parfaitement,Moyennement,Moyennement,Moyennement,Moyennement,Pas du tout,Oui parfaitement,Oui parfaitement,Oui parfaitement,Moyennement,Pas du tout,Pas du tout
2021/06/04 2:17:37 PM UTC+2,Sc. Fondamentales,<2,Réaction physique,<5,Non,Non,Oui,Non,Négliger,<3,<5,Tu prends la décision tout seul indépendamment des autres,Tu sais séduire les autres,Tu participes et tu acceptes changer tes idées?,Oui souvent,Oui,Non,Un travail actif,Pas du tout,Moyennement,Moyennement,Oui parfaitement,Oui parfaitement,10 à 15,Moyennement,Oui parfaitement,Oui parfaitement,Moyennement,Pas du tout,Pas du tout,Oui parfaitement,Oui parfaitement,Moyennement,Pas du tout,Pas du tout,Beaucoup
2021/04/19 9:53:04 AM UTC+2,Etudes techno,<2,Réaction verbale,<5,Non,Souvent,Oui,1 à 3,Admettre,<3,<5,"Discuter ton point de vue, puis décider",Tu t'exprimes mais timidement,Tu participes et tu acceptes changer tes idées?,Un peu,Oui,Non,Un travail actif,Moyennement,Beaucoup,Moyennement,Moyennement,Oui parfaitement,10 à 15,Moyennement,Oui parfaitement,Oui parfaitement,Oui parfaitement,Oui parfaitement,Oui parfaitement,Moyennement,Moyennement,Pas du tout,Moyennement,Beaucoup,Beaucoup
2021/04/19 1:14:07 AM UTC+2,Etudes ingénieurs & architech,<2,Réaction verbale,>10,1 à 2,Parfois,Oui,1 à 3,Mettre en question,<3,>5,"Discuter ton point de vue, puis décider",Tu t'exprimes mais timidement,Tu participes et tu tiens à tes idées?,Un peu,Oui,Rarement,Un tarvail de bureau,Beaucoup,Beaucoup,Moyennement,Moyennement,Moyennement,>15,Moyennement,Oui parfaitement,Oui parfaitement,Oui parfaitement,Moyennement,Moyennement,Oui parfaitement,Oui parfaitement,Moyennement,Beaucoup,Moyennement,Moyennement
2021/04/19 12:41:13 AM UTC+2,Gestion et sc. Économiques,<2,Réaction verbale,<5,Non,Souvent,Non,Non,Admettre,<3,<5,"Discuter ton point de vue, puis décider",Tu sais séduire les autres,Tu participes et tu acceptes changer tes idées?,Oui souvent,Oui,Non,L'essentiel un travail peu fatiguant,Pas du tout,Pas du tout,Oui parfaitement,Moyennement,Oui parfaitement,<10,Oui parfaitement,Oui parfaitement,Oui parfaitement,Oui parfaitement,Moyennement,Oui parfaitement,Oui parfaitement,Oui parfaitement,Oui parfaitement,Beaucoup,Pas du tout,Pas du tout
2021/04/17 3:53:23 PM UTC+2,Sc. Juridiques,>4,Réaction verbale,<5,Non,Non,Non,1 à 3,Mettre en question,>7,Tous,"Discuter ton point de vue, puis décider",Tu sais séduire les autres,Tu participes et tu acceptes changer tes idées?,Oui souvent,Non mais moyenne en 3eme annee secondaire <10,Oui souvent,Un travail actif,Pas du tout,Pas du tout,Oui parfaitement,Oui parfaitement,Oui parfaitement,<10,Moyennement,Pas du tout,Pas du tout,Pas du tout,Oui parfaitement,Pas du tout,Moyennement,Moyennement,Moyennement,Moyennement,Pas du tout,Pas du tout
2021/05/24 12:14:37 PM UTC+2,Agriculture & environnement,2 à 4,Réaction verbale,<5,Non,Non,Non,Non,Admettre,<3,<5,Tu prends la décision tout seul indépendamment des autres,Tu n'aimes pas te dévoiler devant les autres,Tu ne participes pas et tu préfères garder tes idées à toi?,Oui souvent,Oui,Non,Un travail actif,Pas du tout,Moyennement,Pas du tout,Moyennement,Pas du tout,<10,Pas du tout,Pas du tout,Pas du tout,Pas du tout,Oui parfaitement,Oui parfaitement,Moyennement,Moyennement,Pas du tout,Pas du tout,Beaucoup,Beaucoup
2021/05/24 11:48:50 AM UTC+2,Etudes ingénieurs & architech,<2,Réaction verbale,<5,Non,Non,Oui,Non,Mettre en question,<3,<5,"Discuter ton point de vue, puis décider",Tu sais séduire les autres,Tu participes et tu acceptes changer tes idées?,Un peu,Non mais moyenne en 3eme annee secondaire >10,Oui souvent,Un tarvail de bureau,Pas du tout,Beaucoup,Oui parfaitement,Moyennement,Oui parfaitement,10 à 15,Oui parfaitement,Oui parfaitement,Oui parfaitement,Oui parfaitement,Moyennement,Pas du tout,Moyennement,Oui parfaitement,Oui parfaitement,Moyennement,Pas du tout,Pas du tout
2021/04/18 11:30:21 PM UTC+2,Sc. Juridiques,<2,Réaction verbale,<5,Non,Parfois,Non,Non,Mettre en question,<3,<5,Tu prends la décision tout seul indépendamment des autres,Tu sais séduire les autres,Tu participes et tu acceptes changer tes idées?,Oui souvent,Non mais moyenne en 3eme annee secondaire <10,Oui souvent,Un tarvail de bureau,Pas du tout,Moyennement,Oui parfaitement,Moyennement,Oui parfaitement,<10,Moyennement,Pas du tout,Pas du tout,Moyennement,Oui parfaitement,Pas du tout,Oui parfaitement,Oui parfaitement,Moyennement,Beaucoup,Pas du tout,Pas du tout
2021/04/19 5:41:48 PM UTC+2,Sc. Humaines,2 à 4,Réaction verbale,5 à 10,Non,Parfois,Oui,1 à 3,Mettre en question,<3,<5,Tu prends la décision tout seul indépendamment des autres,Tu sais séduire les autres,Tu participes et tu acceptes changer tes idées?,Un peu,Non mais moyenne en 3eme annee secondaire <10,Non,L'essentiel un travail peu fatiguant,Pas du tout,Pas du tout,Moyennement,Moyennement,Moyennement,<10,Oui parfaitement,Pas du tout,Pas du tout,Oui parfaitement,Pas du tout,Pas du tout,Pas du tout,Moyennement,Moyennement,Pas du tout,Pas du tout,Beaucoup
2021/06/04 2:08:43 PM UTC+2,Sc. Fondamentales,2 à 4,Réaction verbale,<5,Non,Non,Oui,Non,Mettre en question,<3,<5,"Discuter ton point de vue, puis décider",Tu sais séduire les autres,Tu participes et tu acceptes changer tes idées?,Un peu,Oui,Rarement,Un travail actif,Pas du tout,Pas du tout,Oui parfaitement,Oui parfaitement,Moyennement,10 à 15,Oui parfaitement,Oui parfaitement,Oui parfaitement,Moyennement,Pas du tout,Pas du tout,Oui parfaitement,Moyennement,Pas du tout,Pas du tout,Pas du tout,Moyennement
2021/04/17 4:09:38 PM UTC+2,Sc. Juridiques,>4,Réaction verbale,<5,Non,Souvent,Oui,>3,Mettre en question,>7,Tous,"Discuter ton point de vue, puis décider",Tu sais séduire les autres,Tu participes et tu tiens à tes idées?,Oui souvent,,Non,Un tarvail de bureau,Pas du tout,Pas du tout,Oui parfaitement,Oui parfaitement,Oui parfaitement,,Oui parfaitement,,,Moyennement,Oui parfaitement,Pas du tout,Moyennement,Moyennement,Moyennement,Beaucoup,Pas du tout,Pas du tout
2021/04/19 12:14:09 AM UTC+2,Sc. Humaines,2 à 4,Réaction verbale,5 à 10,1 à 2,Parfois,Non,1 à 3,Mettre en question,<3,<5,"Discuter ton point de vue, puis décider",Tu n'aimes pas te dévoiler devant les autres,Tu participes et tu acceptes changer tes idées?,Pas du tout,Non mais moyenne en 3eme annee secondaire <10,Non,L'essentiel un travail peu fatiguant,Moyennement,Beaucoup,Oui parfaitement,Oui parfaitement,Moyennement,<10,Moyennement,Moyennement,Moyennement,Oui parfaitement,Moyennement,Moyennement,Moyennement,Oui parfaitement,Moyennement,Pas du tout,Pas du tout,Pas du tout
2021/05/24 11:39:50 AM UTC+2,Etudes ingénieurs & architech,<2,Réaction verbale,<5,Non,Non,Non,Non,Mettre en question,3 à 7,>5,"Discuter ton point de vue, puis décider",Tu sais séduire les autres,Tu participes et tu acceptes changer tes idées?,Un peu,,Oui souvent,Un tarvail de bureau,Pas du tout,Beaucoup,Moyennement,Oui parfaitement,Moyennement,<10,Oui parfaitement,Moyennement,Oui parfaitement,Oui parfaitement,Moyennement,Pas du tout,Moyennement,Oui parfaitement,Moyennement,Moyennement,,
2021/04/19 1:18:25 AM UTC+2,Gestion et sc. Économiques,<2,Réaction verbale,<5,Non,Non,Oui,Non,Admettre,3 à 7,<5,"Discuter ton point de vue, puis décider",Tu n'aimes pas te dévoiler devant les autres,Tu participes et tu tiens à tes idées?,Oui souvent,Oui,Rarement,Un tarvail de bureau,Pas du tout,Pas du tout,Oui parfaitement,Moyennement,Oui parfaitement,<10,Oui parfaitement,Oui parfaitement,Oui parfaitement,Oui parfaitement,Oui parfaitement,Oui parfaitement,Oui parfaitement,Oui parfaitement,Oui parfaitement,Moyennement,Pas du tout,Pas du tout
2021/04/19 12:30:10 AM UTC+2,Arts et métiers,2 à 4,Réaction physique,<5,1 à 2,Parfois,Oui,Non,Négliger,<3,<5,Tu prends la décision tout seul indépendamment des autres,Tu t'exprimes mais timidement,Tu ne participes pas et tu préfères garder tes idées à toi?,Un peu,Non mais moyenne en 3eme annee secondaire <10,Non,Un travail actif,Beaucoup,Beaucoup,Moyennement,Moyennement,Moyennement,<10,Oui parfaitement,Pas du tout,Pas du tout,Moyennement,Oui parfaitement,Oui parfaitement,Moyennement,Oui parfaitement,Moyennement,Pas du tout,Pas du tout,Pas du tout
2021/04/17 1:53:42 PM UTC+2,Lettres & langues,>4,Réaction verbale,>10,>2,Souvent,Oui,>3,Mettre en question,>7,>5,Tu prends la décision tout seul indépendamment des autres,Tu n'aimes pas te dévoiler devant les autres,Tu ne participes pas et tu préfères garder tes idées à toi?,Pas du tout,Non mais moyenne en 3eme annee secondaire <10,Non,Un travail actif,Moyennement,Beaucoup,Oui parfaitement,Pas du tout,Pas du tout,<10,Pas du tout,Pas du tout,Pas du tout,Pas du tout,Oui parfaitement,Pas du tout,Pas du tout,Pas du tout,Pas du tout,Beaucoup,Pas du tout,Pas du tout
2021/04/27 3:43:43 PM UTC+2,Lettres & langues,2 à 4,Ecrire,5 à 10,1 à 2,Non,Oui,1 à 3,Mettre en question,3 à 7,>5,"Discuter ton point de vue, puis décider",Tu sais séduire les autres,Tu participes et tu acceptes changer tes idées?,Oui souvent,Non mais moyenne en 3eme annee secondaire <10,Rarement,Un travail actif,Beaucoup,Moyennement,Oui parfaitement,Oui parfaitement,Oui parfaitement,10 à 15,Oui parfaitement,Pas du tout,Pas du tout,Oui parfaitement,Oui parfaitement,Oui parfaitement,Pas du tout,Moyennement,Moyennement,Pas du tout,Beaucoup,Beaucoup
2021/06/04 2:19:10 PM UTC+2,Sc. Fondamentales,2 à 4,Réaction verbale,5 à 10,1 à 2,Non,Oui,1 à 3,Mettre en question,<3,<5,Tu prends la décision tout seul indépendamment des autres,Tu sais séduire les autres,Tu participes et tu acceptes changer tes idées?,Oui souvent,Oui,Rarement,Un travail actif,Pas du tout,Moyennement,Oui parfaitement,Oui parfaitement,Moyennement,>15,Oui parfaitement,Oui parfaitement,Oui parfaitement,Oui parfaitement,Pas du tout,Pas du tout,Oui parfaitement,Oui parfaitement,Oui parfaitement,Pas du tout,Pas du tout,Beaucoup
2021/04/17 2:01:00 PM UTC+2,Lettres & langues,>4,Réaction verbale,>10,>2,Non,Non,Non,Mettre en question,3 à 7,>5,"Discuter ton point de vue, puis décider",Tu sais séduire les autres,Tu participes et tu acceptes changer tes idées?,Oui souvent,,Non,Un travail actif,Moyennement,Moyennement,Oui parfaitement,Oui parfaitement,Oui parfaitement,,Moyennement,Pas du tout,Pas du tout,Oui parfaitement,Pas du tout,Pas du tout,Pas du tout,Moyennement,Moyennement,Beaucoup,Pas du tout,Pas du tout
2021/04/17 2:54:14 PM UTC+2,Médias,<2,Réaction verbale,<5,Non,Non,Non,Non,Mettre en question,<3,<5,"Discuter ton point de vue, puis décider",Tu sais séduire les autres,Tu participes et tu tiens à tes idées?,Oui souvent,Non mais moyenne en 3eme annee secondaire <10,Rarement,L'essentiel un travail peu fatiguant,Pas du tout,Pas du tout,Oui parfaitement,Moyennement,Oui parfaitement,<10,Oui parfaitement,Pas du tout,Pas du tout,Oui parfaitement,Moyennement,Moyennement,Oui parfaitement,Moyennement,Moyennement,Moyennement,Moyennement,Moyennement
2021/04/19 5:39:13 PM UTC+2,Sc. Humaines,2 à 4,Réaction verbale,5 à 10,1 à 2,Non,Non,>3,Mettre en question,<3,<5,Tu prends la décision tout seul indépendamment des autres,Tu n'aimes pas te dévoiler devant les autres,Tu participes et tu acceptes changer tes idées?,Oui souvent,Non mais moyenne en 3eme annee secondaire <10,Non,Un tarvail de bureau,Pas du tout,Moyennement,Oui parfaitement,Moyennement,Oui parfaitement,10 à 15,Oui parfaitement,Pas du tout,Pas du tout,Oui parfaitement,Pas du tout,Pas du tout,Moyennement,Moyennement,Moyennement,Pas du tout,Pas du tout,Moyennement
2021/06/04 2:12:06 PM UTC+2,Sc. Fondamentales,>4,Réaction verbale,>10,Non,Non,Non,Non,Mettre en question,<3,>5,Tu prends la décision tout seul indépendamment des autres,Tu sais séduire les autres,Tu participes et tu acceptes changer tes idées?,Oui souvent,Oui,Rarement,Un travail actif,Pas du tout,Beaucoup,Oui parfaitement,Oui parfaitement,Oui parfaitement,10 à 15,Moyennement,Oui parfaitement,Oui parfaitement,Moyennement,Pas du tout,Pas du tout,Oui parfaitement,Oui parfaitement,Moyennement,Pas du tout,Pas du tout,Moyennement
2021/05/24 4:29:51 PM UTC+2,Etudes techno,2 à 4,Réaction physique,5 à 10,Non,Non,Non,Non,Mettre en question,<3,<5,Tu prends la décision tout seul indépendamment des autres,Tu sais séduire les autres,Tu participes et tu acceptes changer tes idées?,Un peu,Non mais moyenne en 3eme annee secondaire >10,Rarement,Un travail actif,Pas du tout,Moyennement,Moyennement,Oui parfaitement,Oui parfaitement,10 à 15,Moyennement,Oui parfaitement,Oui parfaitement,Moyennement,Moyennement,Moyennement,Oui parfaitement,Oui parfaitement,Moyennement,Pas du tout,Pas du tout,Moyennement
2021/05/24 12:26:32 PM UTC+2,Agriculture & environnement,<2,Réaction physique,<5,Non,Non,Oui,Non,Négliger,<3,<5,Laisser les autres décider à ta place,Tu t'exprimes mais timidement,Tu ne participes pas et tu préfères garder tes idées à toi?,Un peu,Non mais moyenne en 3eme annee secondaire >10,Non,Un travail actif,Pas du tout,Pas du tout,Pas du tout,Moyennement,Moyennement,>15,Oui parfaitement,Pas du tout,Pas du tout,Moyennement,Oui parfaitement,Moyennement,Oui parfaitement,Moyennement,Moyennement,Moyennement,Beaucoup,Beaucoup
2021/04/19 9:04:16 AM UTC+2,Gestion et sc. Économiques,<2,Réaction verbale,5 à 10,Non,Non,Oui,Non,Admettre,<3,<5,Tu prends la décision tout seul indépendamment des autres,Tu t'exprimes mais timidement,Tu participes et tu acceptes changer tes idées?,Un peu,Non mais moyenne en 3eme annee secondaire <10,Rarement,Un travail actif,Moyennement,Moyennement,Moyennement,Moyennement,Oui parfaitement,<10,Oui parfaitement,Pas du tout,Pas du tout,Oui parfaitement,Moyennement,Oui parfaitement,Oui parfaitement,Oui parfaitement,Oui parfaitement,Pas du tout,Pas du tout,Pas du tout
2021/04/19 5:36:54 PM UTC+2,Sc. Humaines,>4,Ecrire,>10,Non,Parfois,Oui,>3,Mettre en question,<3,<5,"Discuter ton point de vue, puis décider",Tu sais séduire les autres,Tu participes et tu acceptes changer tes idées?,Un peu,Non mais moyenne en 3eme annee secondaire >10,Non,Un travail actif,Moyennement,Moyennement,Oui parfaitement,Oui parfaitement,Oui parfaitement,10 à 15,Oui parfaitement,Moyennement,Pas du tout,Moyennement,Pas du tout,Pas du tout,Oui parfaitement,Oui parfaitement,Oui parfaitement,Moyennement,Pas du tout,Beaucoup
2021/05/24 12:45:05 PM UTC+2,Sc. Humaines,2 à 4,Réaction verbale,5 à 10,1 à 2,Non,Non,Non,Mettre en question,3 à 7,>5,"Discuter ton point de vue, puis décider",Tu sais séduire les autres,Tu participes et tu tiens à tes idées?,Un peu,,Non,Un tarvail de bureau,Pas du tout,Pas du tout,Oui parfaitement,Oui parfaitement,Moyennement,<10,Oui parfaitement,Pas du tout,Pas du tout,Oui parfaitement,Pas du tout,Pas du tout,Moyennement,Oui parfaitement,Oui parfaitement,Beaucoup,Pas du tout,Pas du tout
2021/04/17 3:10:18 PM UTC+2,Médias,2 à 4,Réaction physique,5 à 10,1 à 2,Non,Oui,>3,Mettre en question,3 à 7,Tous,"Discuter ton point de vue, puis décider",Tu sais séduire les autres,Tu participes et tu tiens à tes idées?,Un peu,Non mais moyenne en 3eme annee secondaire <10,Rarement,L'essentiel un travail peu fatiguant,Moyennement,Pas du tout,Moyennement,Oui parfaitement,Oui parfaitement,<10,Oui parfaitement,Pas du tout,Pas du tout,Oui parfaitement,Moyennement,Moyennement,Oui parfaitement,Oui parfaitement,Moyennement,Moyennement,Beaucoup,Beaucoup
2021/04/17 3:47:05 PM UTC+2,Sc. Juridiques,>4,Réaction verbale,<5,Non,Non,Non,Non,Mettre en question,3 à 7,>5,Tu prends la décision tout seul indépendamment des autres,Tu sais séduire les autres,Tu participes et tu tiens à tes idées?,Oui souvent,Non mais moyenne en 3eme annee secondaire <10,Oui souvent,Un travail actif,Pas du tout,Pas du tout,Oui parfaitement,Oui parfaitement,Oui parfaitement,<10,Moyennement,Pas du tout,Pas du tout,Pas du tout,Oui parfaitement,Pas du tout,Oui parfaitement,Pas du tout,Pas du tout,Beaucoup,Pas du tout,Pas du tout
2021/05/23 10:32:22 PM UTC+2,Agriculture & environnement,<2,Réaction physique,<5,Non,Non,Non,Non,Négliger,<3,<5,"Discuter ton point de vue, puis décider",Tu sais séduire les autres,Tu participes et tu acceptes changer tes idées?,Oui souvent,Non mais moyenne en 3eme annee secondaire <10,Non,Un travail actif,Pas du tout,Beaucoup,Moyennement,Oui parfaitement,Moyennement,10 à 15,Moyennement,Pas du tout,Pas du tout,Moyennement,Oui parfaitement,Oui parfaitement,Oui parfaitement,Oui parfaitement,Moyennement,Beaucoup,Beaucoup,Beaucoup
2021/04/17 3:05:33 PM UTC+2,Médias,>4,Réaction physique,5 à 10,1 à 2,Parfois,Oui,1 à 3,Mettre en question,>7,Tous,"Discuter ton point de vue, puis décider",Tu sais séduire les autres,Tu participes et tu acceptes changer tes idées?,Un peu,Non mais moyenne en 3eme annee secondaire <10,Rarement,Un tarvail de bureau,Moyennement,Moyennement,Moyennement,Moyennement,Oui parfaitement,<10,Moyennement,Pas du tout,Pas du tout,Moyennement,Moyennement,Moyennement,Oui parfaitement,Oui parfaitement,Oui parfaitement,Moyennement,Moyennement,Moyennement
2021/04/19 12:09:01 AM UTC+2,Sc. Humaines,2 à 4,Ecrire,5 à 10,1 à 2,Souvent,Oui,>3,Mettre en question,3 à 7,<5,Tu prends la décision tout seul indépendamment des autres,Tu t'exprimes mais timidement,Tu participes et tu acceptes changer tes idées?,Un peu,Non mais moyenne en 3eme annee secondaire >10,Non,Un travail actif,Beaucoup,Beaucoup,Moyennement,Oui parfaitement,Moyennement,10 à 15,Oui parfaitement,Pas du tout,Pas du tout,Moyennement,Moyennement,Pas du tout,Moyennement,Oui parfaitement,Pas du tout,Pas du tout,Pas du tout,Moyennement
2021/04/21 12:19:21 AM UTC+2,Lettres & langues,<2,Ecrire,<5,Non,Parfois,Oui,1 à 3,Négliger,>7,>5,Tu prends la décision tout seul indépendamment des autres,Tu t'exprimes mais timidement,Tu ne participes pas et tu préfères garder tes idées à toi?,Un peu,Non mais moyenne en 3eme annee secondaire >10,Rarement,Un travail actif,Moyennement,Beaucoup,Oui parfaitement,Oui parfaitement,Oui parfaitement,10 à 15,Pas du tout,Pas du tout,Pas du tout,Moyennement,Pas du tout,Oui parfaitement,Moyennement,Pas du tout,Pas du tout,Beaucoup,Pas du tout,Beaucoup
2021/04/18 11:38:43 PM UTC+2,Sc. Juridiques,>4,Réaction verbale,<5,Non,Non,Oui,Non,Mettre en question,>7,Tous,"Discuter ton point de vue, puis décider",Tu sais séduire les autres,Tu participes et tu acceptes changer tes idées?,Oui souvent,Non mais moyenne en 3eme annee secondaire <10,Oui souvent,Un tarvail de bureau,Pas du tout,Moyennement,Moyennement,Oui parfaitement,Oui parfaitement,<10,Moyennement,Pas du tout,Pas du tout,Oui parfaitement,Oui parfaitement,Pas du tout,Oui parfaitement,Moyennement,Pas du tout,Beaucoup,Pas du tout,Pas du tout
2021/05/23 10:35:34 PM UTC+2,Etudes ingénieurs & architech,>4,Réaction verbale,>10,Non,Parfois,Oui,1 à 3,Mettre en question,<3,<5,Tu prends la décision tout seul indépendamment des autres,Tu sais séduire les autres,Tu participes et tu acceptes changer tes idées?,Un peu,Oui,Oui souvent,Un travail actif,Pas du tout,Moyennement,Oui parfaitement,Oui parfaitement,Oui parfaitement,10 à 15,Oui parfaitement,Oui parfaitement,Oui parfaitement,Moyennement,Moyennement,Moyennement,Oui parfaitement,Oui parfaitement,Moyennement,Pas du tout,Pas du tout,Moyennement
2021/06/06 10:27:55 AM UTC+2,Arts et métiers,<2,Réaction verbale,<5,>2,Non,Non,Non,Admettre,<3,<5,"Discuter ton point de vue, puis décider",Tu sais séduire les autres,Tu participes et tu acceptes changer tes idées?,Un peu,,Non,Un travail actif,Beaucoup,Beaucoup,Oui parfaitement,Pas du tout,Pas du tout,<10,Pas du tout,Pas du tout,Pas du tout,Pas du tout,Oui parfaitement,Oui parfaitement,Pas du tout,Moyennement,Pas du tout,Moyennement,Pas du tout,Pas du tout
2021/04/17 3:21:10 PM UTC+2,Médias,2 à 4,Réaction verbale,<5,Non,Non,Oui,1 à 3,Mettre en question,3 à 7,>5,Tu prends la décision tout seul indépendamment des autres,Tu t'exprimes mais timidement,Tu participes et tu acceptes changer tes idées?,Oui souvent,Non mais moyenne en 3eme annee secondaire <10,Oui souvent,L'essentiel un travail peu fatiguant,Pas du tout,Moyennement,Oui parfaitement,Moyennement,Oui parfaitement,<10,Oui parfaitement,Pas du tout,Pas du tout,Oui parfaitement,Pas du tout,Pas du tout,Oui parfaitement,Moyennement,Moyennement,Moyennement,Pas du tout,Pas du tout
2021/04/17 1:46:35 PM UTC+2,Lettres & langues,<2,Ecrire,>10,>2,Parfois,Oui,Non,Mettre en question,<3,<5,"Discuter ton point de vue, puis décider",Tu sais séduire les autres,Tu participes et tu acceptes changer tes idées?,Un peu,Non mais moyenne en 3eme annee secondaire <10,Rarement,L'essentiel un travail peu fatiguant,Moyennement,Moyennement,Oui parfaitement,Oui parfaitement,Moyennement,<10,Moyennement,Pas du tout,Pas du tout,Oui parfaitement,Moyennement,Pas du tout,Moyennement,Pas du tout,Pas du tout,Moyennement,,
2021/04/19 5:47:47 PM UTC+2,Médicale,2 à 4,Réaction physique,5 à 10,Non,Non,Non,Non,Mettre en question,<3,<5,Tu prends la décision tout seul indépendamment des autres,Tu t'exprimes mais timidement,Tu participes et tu tiens à tes idées?,Oui souvent,Non mais moyenne en 3eme annee secondaire >10,Rarement,Un travail actif,Pas du tout,Moyennement,Oui parfaitement,Oui parfaitement,Oui parfaitement,>15,Oui parfaitement,Pas du tout,Moyennement,Oui parfaitement,Oui parfaitement,Oui parfaitement,Oui parfaitement,Moyennement,Oui parfaitement,Beaucoup,Pas du tout,Beaucoup
2021/05/24 12:36:21 AM UTC+2,Arts et métiers,<2,Réaction verbale,<5,1 à 2,Parfois,Oui,1 à 3,Mettre en question,<3,<5,Tu prends la décision tout seul indépendamment des autres,Tu sais séduire les autres,Tu participes et tu acceptes changer tes idées?,Oui souvent,Non mais moyenne en 3eme annee secondaire >10,Rarement,Un travail actif,Beaucoup,Beaucoup,Moyennement,Oui parfaitement,Oui parfaitement,10 à 15,Oui parfaitement,Moyennement,Pas du tout,Moyennement,Oui parfaitement,Oui parfaitement,Moyennement,Oui parfaitement,Moyennement,Moyennement,Pas du tout,Beaucoup
2021/06/06 10:24:48 AM UTC+2,Médias,<2,Réaction verbale,<5,Non,Non,Oui,Non,Mettre en question,>7,Tous,"Discuter ton point de vue, puis décider",Tu sais séduire les autres,Tu participes et tu acceptes changer tes idées?,Oui souvent,,Non,Un travail actif,Pas du tout,Pas du tout,Oui parfaitement,Moyennement,Moyennement,<10,Moyennement,Pas du tout,Pas du tout,Oui parfaitement,Pas du tout,Pas du tout,Pas du tout,Moyennement,Moyennement,Moyennement,Pas du tout,Pas du tout
2021/04/20 3:26:50 PM UTC+2,Médicale,2 à 4,Réaction verbale,5 à 10,1 à 2,Souvent,Non,1 à 3,Mettre en question,3 à 7,>5,"Discuter ton point de vue, puis décider",Tu sais séduire les autres,Tu participes et tu acceptes changer tes idées?,Oui souvent,Non mais moyenne en 3eme annee secondaire >10,Rarement,Un travail actif,Pas du tout,Beaucoup,Oui parfaitement,Moyennement,Oui parfaitement,>15,Oui parfaitement,Moyennement,Moyennement,Moyennement,Moyennement,Moyennement,Oui parfaitement,Moyennement,Moyennement,Moyennement,Pas du tout,Beaucoup
2021/04/27 3:40:54 PM UTC+2,Etudes ingénieurs & architech,<2,Réaction verbale,<5,Non,Non,Oui,Non,Mettre en question,<3,<5,Laisser les autres décider à ta place,Tu t'exprimes mais timidement,Tu participes et tu acceptes changer tes idées?,Un peu,Non mais moyenne en 3eme annee secondaire >10,Non,L'essentiel un travail peu fatiguant,Pas du tout,Pas du tout,Moyennement,Moyennement,Moyennement,10 à 15,Moyennement,Moyennement,Oui parfaitement,Moyennement,Pas du tout,Pas du tout,Oui parfaitement,Pas du tout,Moyennement,Beaucoup,Moyennement,Moyennement
2021/06/04 2:48:39 PM UTC+2,Sc. Fondamentales,<2,Réaction verbale,<5,Non,Non,Non,Non,Mettre en question,<3,<5,Tu prends la décision tout seul indépendamment des autres,Tu sais séduire les autres,Tu participes et tu acceptes changer tes idées?,Un peu,Non mais moyenne en 3eme annee secondaire >10,Rarement,Un travail actif,Pas du tout,Beaucoup,Oui parfaitement,Oui parfaitement,Moyennement,>15,Oui parfaitement,Oui parfaitement,Oui parfaitement,Moyennement,Moyennement,Moyennement,Oui parfaitement,Moyennement,Moyennement,Pas du tout,Pas du tout,Moyennement
2021/05/23 10:41:45 PM UTC+2,Agriculture & environnement,<2,Réaction physique,<5,Non,Non,Non,Non,Négliger,<3,<5,Tu prends la décision tout seul indépendamment des autres,Tu n'aimes pas te dévoiler devant les autres,Tu participes et tu tiens à tes idées?,Pas du tout,Non mais moyenne en 3eme annee secondaire <10,Non,Un travail actif,Pas du tout,Pas du tout,Moyennement,Moyennement,Moyennement,<10,Oui parfaitement,Pas du tout,Pas du tout,Pas du tout,Oui parfaitement,Oui parfaitement,Oui parfaitement,Oui parfaitement,Moyennement,Beaucoup,Beaucoup,Beaucoup
2021/05/24 11:36:22 AM UTC+2,Etudes ingénieurs & architech,<2,Réaction verbale,<5,Non,Parfois,Oui,Non,Mettre en question,<3,<5,"Discuter ton point de vue, puis décider",Tu sais séduire les autres,Tu participes et tu acceptes changer tes idées?,Oui souvent,,Rarement,Un tarvail de bureau,Pas du tout,Beaucoup,Oui parfaitement,Oui parfaitement,Oui parfaitement,10 à 15,Oui parfaitement,Oui parfaitement,Oui parfaitement,Oui parfaitement,Moyennement,Pas du tout,Oui parfaitement,Oui parfaitement,Oui parfaitement,Beaucoup,Pas du tout,Pas du tout
2021/05/24 12:37:21 PM UTC+2,Médicale,>4,Réaction verbale,<5,Non,Non,Oui,1 à 3,Admettre,3 à 7,>5,"Discuter ton point de vue, puis décider",Tu sais séduire les autres,Tu participes et tu acceptes changer tes idées?,Oui souvent,,Non,Un tarvail de bureau,Pas du tout,Pas du tout,Oui parfaitement,Oui parfaitement,Oui parfaitement,>15,Oui parfaitement,Pas du tout,Pas du tout,Moyennement,Oui parfaitement,Moyennement,Oui parfaitement,Pas du tout,Moyennement,Beaucoup,Pas du tout,Pas du tout
2021/04/19 12:57:50 AM UTC+2,Gestion et sc. Économiques,<2,Réaction verbale,<5,Non,Non,Non,Non,Admettre,<3,<5,"Discuter ton point de vue, puis décider",Tu n'aimes pas te dévoiler devant les autres,Tu participes et tu tiens à tes idées?,Un peu,Oui,Non,Un travail actif,Pas du tout,Pas du tout,Oui parfaitement,Oui parfaitement,Moyennement,<10,Oui parfaitement,Oui parfaitement,Moyennement,Moyennement,Moyennement,Oui parfaitement,Oui parfaitement,Oui parfaitement,Oui parfaitement,Moyennement,Pas du tout,Pas du tout
2021/04/17 4:00:35 PM UTC+2,Sc. Juridiques,2 à 4,Réaction verbale,<5,Non,Non,Non,Non,Mettre en question,3 à 7,Tous,Tu prends la décision tout seul indépendamment des autres,Tu sais séduire les autres,Tu participes et tu tiens à tes idées?,Un peu,Non mais moyenne en 3eme annee secondaire <10,Rarement,Un travail actif,Pas du tout,Pas du tout,Oui parfaitement,Oui parfaitement,Moyennement,<10,Oui parfaitement,Pas du tout,Pas du tout,Moyennement,Oui parfaitement,Pas du tout,Pas du tout,Pas du tout,Moyennement,Moyennement,Pas du tout,Pas du tout
2021/04/19 5:46:09 AM UTC+2,Etudes techno,2 à 4,Ecrire,<5,Non,Souvent,Oui,1 à 3,Mettre en question,<3,>5,"Discuter ton point de vue, puis décider",Tu sais séduire les autres,Tu participes et tu tiens à tes idées?,Oui souvent,Non mais moyenne en 3eme annee secondaire >10,Oui souvent,Un tarvail de bureau,Moyennement,Moyennement,Moyennement,Moyennement,Oui parfaitement,>15,Oui parfaitement,Moyennement,Oui parfaitement,Moyennement,Moyennement,Moyennement,Oui parfaitement,Moyennement,Oui parfaitement,Beaucoup,Moyennement,Pas du tout
2021/06/06 10:18:24 AM UTC+2,Médias,2 à 4,Réaction verbale,>10,1 à 2,Non,Oui,1 à 3,Mettre en question,3 à 7,Tous,"Discuter ton point de vue, puis décider",Tu sais séduire les autres,Tu participes et tu acceptes changer tes idées?,Oui souvent,,Non,Un travail actif,Pas du tout,Pas du tout,Oui parfaitement,Moyennement,Moyennement,<10,Moyennement,Pas du tout,Pas du tout,Oui parfaitement,Pas du tout,Pas du tout,Pas du tout,Moyennement,Moyennement,Moyennement,Pas du tout,Pas du tout
2021/04/19 12:31:57 AM UTC+2,Sc. Humaines,>4,Ecrire,>10,Non,Non,Oui,>3,Mettre en question,3 à 7,>5,Tu prends la décision tout seul indépendamment des autres,Tu sais séduire les autres,Tu participes et tu acceptes changer tes idées?,Un peu,Non mais moyenne en 3eme annee secondaire >10,Rarement,Un tarvail de bureau,Pas du tout,Moyennement,Oui parfaitement,Moyennement,Moyennement,10 à 15,Oui parfaitement,Pas du tout,Pas du tout,Oui parfaitement,Pas du tout,Pas du tout,Oui parfaitement,Oui parfaitement,Oui parfaitement,Pas du tout,Pas du tout,Moyennement
2021/06/04 2:10:16 PM UTC+2,Sc. Fondamentales,<2,Réaction physique,<5,Non,Non,Non,Non,Mettre en question,<3,<5,Tu prends la décision tout seul indépendamment des autres,Tu n'aimes pas te dévoiler devant les autres,Tu participes et tu acceptes changer tes idées?,Un peu,Non mais moyenne en 3eme annee secondaire >10,Oui souvent,Un travail actif,Pas du tout,Moyennement,Oui parfaitement,Oui parfaitement,Moyennement,>15,Oui parfaitement,Oui parfaitement,Oui parfaitement,Moyennement,Pas du tout,Pas du tout,Oui parfaitement,Oui parfaitement,Pas du tout,Moyennement,Pas du tout,Beaucoup
2021/04/17 3:35:16 PM UTC+2,Lettres & langues,>4,Ecrire,>10,>2,Non,Oui,1 à 3,Admettre,<3,<5,Tu prends la décision tout seul indépendamment des autres,Tu n'aimes pas te dévoiler devant les autres,Tu participes et tu tiens à tes idées?,Un peu,Non mais moyenne en 3eme annee secondaire <10,Non,L'essentiel un travail peu fatiguant,Pas du tout,Pas du tout,Moyennement,Moyennement,Moyennement,<10,Moyennement,Pas du tout,Pas du tout,Oui parfaitement,Pas du tout,Pas du tout,Pas du tout,Moyennement,Oui parfaitement,Beaucoup,Pas du tout,Pas du tout
2021/05/23 10:34:11 PM UTC+2,Etudes ingénieurs & architech,2 à 4,Réaction verbale,5 à 10,Non,Parfois,Oui,1 à 3,Négliger,3 à 7,>5,Tu prends la décision tout seul indépendamment des autres,Tu n'aimes pas te dévoiler devant les autres,Tu participes et tu acceptes changer tes idées?,Un peu,Oui,Oui souvent,Un travail actif,Pas du tout,Beaucoup,Oui parfaitement,Oui parfaitement,Moyennement,10 à 15,Oui parfaitement,Oui parfaitement,Oui parfaitement,Moyennement,Moyennement,Moyennement,Oui parfaitement,Oui parfaitement,Oui parfaitement,Moyennement,Pas du tout,Moyennement
2021/05/23 10:29:17 PM UTC+2,Etudes techno,2 à 4,Ecrire,>10,1 à 2,Non,Non,1 à 3,Mettre en question,<3,<5,Tu prends la décision tout seul indépendamment des autres,Tu n'aimes pas te dévoiler devant les autres,Tu participes et tu acceptes changer tes idées?,Oui souvent,Non mais moyenne en 3eme annee secondaire >10,Non,Un travail actif,Pas du tout,Moyennement,Oui parfaitement,Oui parfaitement,Oui parfaitement,>15,Oui parfaitement,Oui parfaitement,Moyennement,Moyennement,Pas du tout,Moyennement,Oui parfaitement,Oui parfaitement,Oui parfaitement,Moyennement,Moyennement,Beaucoup
2021/05/24 7:15:22 PM UTC+2,Etudes techno,<2,Réaction physique,<5,Non,Non,Non,Non,Négliger,<3,<5,Tu prends la décision tout seul indépendamment des autres,Tu n'aimes pas te dévoiler devant les autres,Tu participes et tu tiens à tes idées?,,Non mais moyenne en 3eme annee secondaire >10,Non,Un travail actif,Pas du tout,Moyennement,Moyennement,Oui parfaitement,Oui parfaitement,10 à 15,Oui parfaitement,Oui parfaitement,Oui parfaitement,Moyennement,Moyennement,Moyennement,Oui parfaitement,Moyennement,Moyennement,Pas du tout,Pas du tout,Moyennement
2021/04/19 5:48:54 PM UTC+2,Médicale,>4,Ecrire,>10,1 à 2,Parfois,Oui,1 à 3,Mettre en question,3 à 7,>5,"Discuter ton point de vue, puis décider",Tu sais séduire les autres,Tu participes et tu acceptes changer tes idées?,Oui souvent,Non mais moyenne en 3eme annee secondaire >10,Rarement,Un travail actif,Moyennement,Moyennement,Oui parfaitement,Oui parfaitement,Oui parfaitement,>15,Oui parfaitement,Moyennement,Moyennement,Moyennement,Moyennement,Moyennement,Oui parfaitement,Oui parfaitement,Moyennement,Beaucoup,Pas du tout,Beaucoup
2021/05/23 10:36:59 PM UTC+2,Agriculture & environnement,<2,Réaction physique,<5,Non,Non,Non,Non,Admettre,<3,>5,"Discuter ton point de vue, puis décider",Tu n'aimes pas te dévoiler devant les autres,Tu ne participes pas et tu préfères garder tes idées à toi?,Un peu,Non mais moyenne en 3eme annee secondaire <10,Non,Un travail actif,Moyennement,Beaucoup,Moyennement,Oui parfaitement,Oui parfaitement,<10,Moyennement,Pas du tout,Pas du tout,Pas du tout,Oui parfaitement,Oui parfaitement,Oui parfaitement,Oui parfaitement,Oui parfaitement,Beaucoup,Beaucoup,Beaucoup
2021/04/19 1:15:58 AM UTC+2,Gestion et sc. Économiques,<2,Réaction verbale,<5,Non,Non,Oui,1 à 3,Admettre,3 à 7,<5,"Discuter ton point de vue, puis décider",Tu n'aimes pas te dévoiler devant les autres,Tu participes et tu tiens à tes idées?,Un peu,Oui,Oui souvent,Un tarvail de bureau,Moyennement,Pas du tout,Oui parfaitement,Moyennement,Oui parfaitement,<10,Oui parfaitement,Oui parfaitement,Oui parfaitement,Moyennement,Moyennement,Oui parfaitement,Oui parfaitement,Oui parfaitement,Oui parfaitement,Moyennement,Pas du tout,Pas du tout
2021/04/18 11:25:10 PM UTC+2,Sc. Juridiques,<2,Réaction verbale,<5,Non,Souvent,Non,Non,Mettre en question,3 à 7,>5,"Discuter ton point de vue, puis décider",Tu sais séduire les autres,Tu participes et tu acceptes changer tes idées?,Oui souvent,Non mais moyenne en 3eme annee secondaire <10,Oui souvent,Un travail actif,Pas du tout,Moyennement,Oui parfaitement,Oui parfaitement,Oui parfaitement,<10,Oui parfaitement,Pas du tout,Pas du tout,Oui parfaitement,Oui parfaitement,Pas du tout,Oui parfaitement,Moyennement,Moyennement,Beaucoup,Pas du tout,Pas du tout
2021/04/19 12:39:43 AM UTC+2,Arts et métiers,<2,Réaction physique,<5,1 à 2,Parfois,Oui,Non,Mettre en question,<3,<5,"Discuter ton point de vue, puis décider",Tu n'aimes pas te dévoiler devant les autres,Tu ne participes pas et tu préfères garder tes idées à toi?,Un peu,Non mais moyenne en 3eme annee secondaire >10,Rarement,L'essentiel un travail peu fatiguant,Beaucoup,Beaucoup,Oui parfaitement,Oui parfaitement,Oui parfaitement,10 à 15,Moyennement,Moyennement,Moyennement,Oui parfaitement,Oui parfaitement,Oui parfaitement,Oui parfaitement,Oui parfaitement,Moyennement,Pas du tout,Pas du tout,Beaucoup
2021/05/24 3:25:48 PM UTC+2,Etudes techno,2 à 4,Réaction verbale,5 à 10,Non,Non,Non,Non,Mettre en question,<3,<5,Tu prends la décision tout seul indépendamment des autres,Tu sais séduire les autres,Tu participes et tu acceptes changer tes idées?,Un peu,Non mais moyenne en 3eme annee secondaire >10,Rarement,Un travail actif,Moyennement,Beaucoup,Oui parfaitement,Oui parfaitement,Moyennement,10 à 15,Oui parfaitement,Oui parfaitement,Oui parfaitement,Moyennement,Moyennement,Moyennement,Oui parfaitement,Oui parfaitement,Moyennement,Pas du tout,Pas du tout,Moyennement
2021/04/19 12:47:43 AM UTC+2,Gestion et sc. Économiques,<2,Réaction verbale,<5,Non,Parfois,Non,Non,Admettre,<3,<5,"Discuter ton point de vue, puis décider",Tu sais séduire les autres,Tu participes et tu tiens à tes idées?,Oui souvent,Oui,Oui souvent,Un tarvail de bureau,Pas du tout,Pas du tout,Oui parfaitement,Moyennement,Moyennement,<10,Oui parfaitement,Oui parfaitement,Pas du tout,Moyennement,Moyennement,Oui parfaitement,Oui parfaitement,Oui parfaitement,Oui parfaitement,Beaucoup,Pas du tout,Pas du tout
2021/04/19 12:31:19 AM UTC+2,Gestion et sc. Économiques,<2,Réaction verbale,<5,Non,Parfois,Oui,1 à 3,Admettre,<3,<5,"Discuter ton point de vue, puis décider",Tu t'exprimes mais timidement,Tu participes et tu acceptes changer tes idées?,Un peu,Non mais moyenne en 3eme annee secondaire <10,Non,Un tarvail de bureau,Pas du tout,Pas du tout,Moyennement,Oui parfaitement,Moyennement,<10,Oui parfaitement,Oui parfaitement,Pas du tout,Moyennement,Moyennement,Oui parfaitement,Oui parfaitement,Oui parfaitement,Moyennement,Beaucoup,Pas du tout,Pas du tout
2021/04/17 1:40:14 PM UTC+2,Lettres & langues,2 à 4,Réaction verbale,5 à 10,Non,Non,Oui,Non,Admettre,<3,<5,"Discuter ton point de vue, puis décider",Tu sais séduire les autres,Tu participes et tu acceptes changer tes idées?,Oui souvent,Non mais moyenne en 3eme annee secondaire <10,Non,Un tarvail de bureau,Beaucoup,Beaucoup,Pas du tout,Moyennement,Oui parfaitement,<10,Oui parfaitement,Pas du tout,Pas du tout,Oui parfaitement,Moyennement,Oui parfaitement,Pas du tout,Moyennement,Oui parfaitement,Moyennement,Moyennement,Beaucoup
2021/04/19 12:02:58 AM UTC+2,Sc. Humaines,>4,Ecrire,>10,>2,Souvent,Oui,1 à 3,Mettre en question,<3,<5,"Discuter ton point de vue, puis décider",Tu sais séduire les autres,Tu participes et tu acceptes changer tes idées?,Un peu,Non mais moyenne en 3eme annee secondaire <10,Non,L'essentiel un travail peu fatiguant,Beaucoup,Beaucoup,Moyennement,Moyennement,Moyennement,10 à 15,Moyennement,Pas du tout,Pas du tout,Oui parfaitement,Pas du tout,Pas du tout,Moyennement,Oui parfaitement,Moyennement,Pas du tout,Pas du tout,Pas du tout
2021/06/06 10:11:32 AM UTC+2,Médicale,<2,Réaction verbale,<5,Non,Non,Non,Non,Admettre,<3,<5,"Discuter ton point de vue, puis décider",Tu sais séduire les autres,Tu participes et tu acceptes changer tes idées?,Oui souvent,,Non,Un tarvail de bureau,Moyennement,Moyennement,Oui parfaitement,Oui parfaitement,Oui parfaitement,10 à 15,Moyennement,Moyennement,Moyennement,Moyennement,Oui parfaitement,Moyennement,Moyennement,Pas du tout,Moyennement,Moyennement,Pas du tout,Pas du tout
2021/04/19 5:46:19 PM UTC+2,Arts et métiers,<2,Réaction verbale,<5,Non,Parfois,Non,Non,Mettre en question,<3,<5,Tu prends la décision tout seul indépendamment des autres,Tu sais séduire les autres,Tu participes et tu acceptes changer tes idées?,Un peu,Non mais moyenne en 3eme annee secondaire >10,Non,Un travail actif,Beaucoup,Beaucoup,Moyennement,Moyennement,Moyennement,10 à 15,Moyennement,Pas du tout,Pas du tout,Moyennement,Oui parfaitement,Oui parfaitement,Oui parfaitement,Oui parfaitement,Moyennement,Moyennement,Pas du tout,Moyennement
2021/05/24 12:03:50 PM UTC+2,Etudes ingénieurs & architech,<2,Réaction verbale,<5,Non,Non,Non,1 à 3,Mettre en question,3 à 7,>5,"Discuter ton point de vue, puis décider",Tu sais séduire les autres,Tu participes et tu acceptes changer tes idées?,Oui souvent,Non mais moyenne en 3eme annee secondaire <10,Oui souvent,Un tarvail de bureau,Pas du tout,Beaucoup,Oui parfaitement,Oui parfaitement,Moyennement,<10,Oui parfaitement,Oui parfaitement,Oui parfaitement,Oui parfaitement,Moyennement,Pas du tout,Oui parfaitement,Oui parfaitement,Oui parfaitement,Beaucoup,Pas du tout,Pas du tout
2021/05/24 12:40:18 PM UTC+2,Sc. Humaines,>4,Réaction verbale,>10,>2,Non,Non,Non,Mettre en question,>7,Tous,"Discuter ton point de vue, puis décider",Tu sais séduire les autres,Tu participes et tu tiens à tes idées?,Un peu,,Non,L'essentiel un travail peu fatiguant,Pas du tout,Pas du tout,Oui parfaitement,Oui parfaitement,Oui parfaitement,<10,Oui parfaitement,Pas du tout,Pas du tout,Oui parfaitement,Pas du tout,Pas du tout,Pas du tout,Moyennement,Oui parfaitement,Beaucoup,Pas du tout,Pas du tout
2021/04/18 11:33:23 PM UTC+2,Sc. Juridiques,2 à 4,Réaction verbale,<5,Non,Parfois,Oui,1 à 3,Mettre en question,3 à 7,>5,"Discuter ton point de vue, puis décider",Tu t'exprimes mais timidement,Tu participes et tu acceptes changer tes idées?,Oui souvent,Non mais moyenne en 3eme annee secondaire <10,Non,Un travail actif,Pas du tout,Beaucoup,Oui parfaitement,Pas du tout,Oui parfaitement,<10,Pas du tout,Pas du tout,Pas du tout,Moyennement,Oui parfaitement,Pas du tout,Moyennement,Moyennement,Pas du tout,Beaucoup,Pas du tout,Pas du tout
2021/04/19 12:58:13 AM UTC+2,Etudes ingénieurs & architech,<2,Ecrire,<5,Non,Non,Non,Non,Mettre en question,<3,Tous,"Discuter ton point de vue, puis décider",Tu sais séduire les autres,Tu participes et tu acceptes changer tes idées?,Un peu,Oui,Rarement,Un travail actif,Pas du tout,Beaucoup,Moyennement,Oui parfaitement,Moyennement,<10,Moyennement,Pas du tout,Oui parfaitement,Pas du tout,Moyennement,Pas du tout,Moyennement,Oui parfaitement,Moyennement,Beaucoup,Moyennement,Beaucoup
2021/06/04 2:06:36 PM UTC+2,Sc. Fondamentales,<2,Réaction verbale,5 à 10,1 à 2,Parfois,Oui,1 à 3,Mettre en question,3 à 7,<5,"Discuter ton point de vue, puis décider",Tu sais séduire les autres,Tu participes et tu acceptes changer tes idées?,Un peu,Oui,Rarement,Un travail actif,Pas du tout,Moyennement,Moyennement,Moyennement,Oui parfaitement,>15,Oui parfaitement,Oui parfaitement,Oui parfaitement,Moyennement,Moyennement,Moyennement,Oui parfaitement,Oui parfaitement,Moyennement,Pas du tout,Pas du tout,Beaucoup
2021/05/24 11:56:29 AM UTC+2,Etudes ingénieurs & architech,2 à 4,Réaction verbale,<5,1 à 2,Non,Oui,Non,Mettre en question,<3,>5,"Discuter ton point de vue, puis décider",Tu sais séduire les autres,Tu participes et tu acceptes changer tes idées?,Un peu,,Oui souvent,Un tarvail de bureau,Pas du tout,Beaucoup,Oui parfaitement,Oui parfaitement,Moyennement,>15,Oui parfaitement,Oui parfaitement,Oui parfaitement,Oui parfaitement,Pas du tout,Pas du tout,Oui parfaitement,Oui parfaitement,Oui parfaitement,Beaucoup,Pas du tout,Pas du tout
2021/05/24 12:48:39 PM UTC+2,Arts et métiers,<2,Ecrire,5 à 10,Non,Non,Oui,1 à 3,Admettre,<3,<5,"Discuter ton point de vue, puis décider",Tu sais séduire les autres,Tu ne participes pas et tu préfères garder tes idées à toi?,Un peu,,Non,Un travail actif,Beaucoup,Beaucoup,Moyennement,Oui parfaitement,Pas du tout,<10,Pas du tout,Pas du tout,Pas du tout,Pas du tout,Oui parfaitement,Oui parfaitement,Pas du tout,Oui parfaitement,Moyennement,Moyennement,Pas du tout,Beaucoup
2021/04/19 12:24:03 AM UTC+2,Gestion et sc. Économiques,<2,Réaction verbale,<5,Non,Non,Non,Non,Admettre,3 à 7,<5,"Discuter ton point de vue, puis décider",Tu sais séduire les autres,Tu participes et tu tiens à tes idées?,Un peu,Non mais moyenne en 3eme annee secondaire <10,Non,Un tarvail de bureau,Pas du tout,Pas du tout,Oui parfaitement,Oui parfaitement,Moyennement,<10,Oui parfaitement,Oui parfaitement,Pas du tout,Pas du tout,Moyennement,Oui parfaitement,Oui parfaitement,Oui parfaitement,Oui parfaitement,Beaucoup,Pas du tout,Pas du tout
2021/04/20 3:25:29 PM UTC+2,Médicale,>4,Réaction verbale,>10,1 à 2,Non,Oui,1 à 3,Négliger,<3,>5,"Discuter ton point de vue, puis décider",Tu sais séduire les autres,Tu participes et tu acceptes changer tes idées?,Oui souvent,Non mais moyenne en 3eme annee secondaire >10,Rarement,Un travail actif,Pas du tout,Moyennement,Oui parfaitement,Oui parfaitement,Oui parfaitement,>15,Oui parfaitement,Moyennement,Oui parfaitement,Moyennement,Moyennement,Moyennement,Oui parfaitement,Oui parfaitement,Oui parfaitement,Beaucoup,Pas du tout,Beaucoup
2021/04/21 12:12:22 AM UTC+2,Sc. Humaines,2 à 4,Réaction physique,5 à 10,Non,Parfois,Oui,>3,Mettre en question,<3,Tous,"Discuter ton point de vue, puis décider",Tu t'exprimes mais timidement,Tu participes et tu tiens à tes idées?,Un peu,Non mais moyenne en 3eme annee secondaire >10,Rarement,Un travail actif,Moyennement,Moyennement,Moyennement,Moyennement,Moyennement,10 à 15,Moyennement,Moyennement,Moyennement,Moyennement,Moyennement,Moyennement,Moyennement,Moyennement,Moyennement,Moyennement,Moyennement,Moyennement
2021/04/19 12:53:43 AM UTC+2,Gestion et sc. Économiques,<2,Réaction verbale,<5,Non,Non,Non,Non,Mettre en question,<3,<5,"Discuter ton point de vue, puis décider",Tu sais séduire les autres,Tu participes et tu tiens à tes idées?,Oui souvent,Oui,Non,Un tarvail de bureau,Pas du tout,Pas du tout,Oui parfaitement,Moyennement,Moyennement,<10,Oui parfaitement,Oui parfaitement,Pas du tout,Moyennement,Pas du tout,Oui parfaitement,Oui parfaitement,Moyennement,Oui parfaitement,Moyennement,Pas du tout,Pas du tout
2021/05/24 12:22:38 PM UTC+2,Agriculture & environnement,<2,Réaction physique,<5,Non,Non,Non,Non,Négliger,<3,<5,Laisser les autres décider à ta place,Tu n'aimes pas te dévoiler devant les autres,Tu ne participes pas et tu préfères garder tes idées à toi?,Pas du tout,Oui,Non,Un travail actif,Pas du tout,Pas du tout,Pas du tout,Moyennement,Pas du tout,>15,Moyennement,Pas du tout,Pas du tout,Pas du tout,Oui parfaitement,Oui parfaitement,Moyennement,Moyennement,Pas du tout,Pas du tout,Beaucoup,Beaucoup
2021/04/21 12:39:27 AM UTC+2,Médicale,<2,Réaction physique,>10,Non,Parfois,Oui,1 à 3,Mettre en question,<3,Tous,"Discuter ton point de vue, puis décider",Tu sais séduire les autres,Tu participes et tu acceptes changer tes idées?,Oui souvent,Oui,Oui souvent,Un travail actif,Moyennement,Beaucoup,Oui parfaitement,Oui parfaitement,Oui parfaitement,>15,Oui parfaitement,Moyennement,Oui parfaitement,Moyennement,Oui parfaitement,Oui parfaitement,Oui parfaitement,Oui parfaitement,Pas du tout,Beaucoup,Moyennement,Moyennement
2021/04/17 2:48:06 PM UTC+2,Médias,>4,Réaction verbale,<5,Non,Non,Oui,Non,Admettre,>7,>5,"Discuter ton point de vue, puis décider",Tu t'exprimes mais timidement,Tu participes et tu acceptes changer tes idées?,Oui souvent,Non mais moyenne en 3eme annee secondaire <10,Non,Un tarvail de bureau,Pas du tout,Pas du tout,Moyennement,Oui parfaitement,Oui parfaitement,<10,Oui parfaitement,Pas du tout,Pas du tout,Oui parfaitement,Pas du tout,Pas du tout,Moyennement,Oui parfaitement,Moyennement,Moyennement,Pas du tout,Pas du tout
2021/05/23 10:31:12 PM UTC+2,Etudes ingénieurs & architech,2 à 4,Réaction verbale,<5,Non,Non,Non,Non,Mettre en question,<3,<5,Tu prends la décision tout seul indépendamment des autres,Tu sais séduire les autres,Tu participes et tu acceptes changer tes idées?,Un peu,Non mais moyenne en 3eme annee secondaire >10,Rarement,Un tarvail de bureau,Pas du tout,Moyennement,Oui parfaitement,Oui parfaitement,Oui parfaitement,10 à 15,Oui parfaitement,Oui parfaitement,Oui parfaitement,Oui parfaitement,Moyennement,Moyennement,Oui parfaitement,Oui parfaitement,Oui parfaitement,Pas du tout,Pas du tout,Moyennement
2021/06/06 10:07:50 AM UTC+2,Médicale,2 à 4,Réaction verbale,5 à 10,Non,Non,Non,Non,Mettre en question,<3,<5,"Discuter ton point de vue, puis décider",Tu sais séduire les autres,Tu participes et tu acceptes changer tes idées?,Oui souvent,,Non,Un tarvail de bureau,Pas du tout,Moyennement,Oui parfaitement,Oui parfaitement,Oui parfaitement,>15,Moyennement,Moyennement,Moyennement,Moyennement,Pas du tout,Moyennement,Oui parfaitement,Pas du tout,Moyennement,Beaucoup,Moyennement,Moyennement
2021/05/24 12:19:54 PM UTC+2,Agriculture & environnement,>4,Réaction verbale,>10,>2,Non,Non,Non,Admettre,<3,<5,Tu prends la décision tout seul indépendamment des autres,Tu n'aimes pas te dévoiler devant les autres,Tu ne participes pas et tu préfères garder tes idées à toi?,Un peu,,Non,Un travail actif,Pas du tout,Pas du tout,Moyennement,Pas du tout,Moyennement,>15,Pas du tout,Pas du tout,Pas du tout,Moyennement,Oui parfaitement,Oui parfaitement,Pas du tout,,Oui parfaitement,Pas du tout,Beaucoup,Beaucoup
2021/05/24 12:35:10 AM UTC+2,Agriculture & environnement,<2,Réaction physique,<5,Non,Non,Oui,Non,Mettre en question,<3,<5,Tu prends la décision tout seul indépendamment des autres,Tu sais séduire les autres,Tu participes et tu acceptes changer tes idées?,Oui souvent,Non mais moyenne en 3eme annee secondaire <10,Non,Un travail actif,Pas du tout,Moyennement,Moyennement,Oui parfaitement,Oui parfaitement,10 à 15,Oui parfaitement,Pas du tout,Pas du tout,Moyennement,Oui parfaitement,Oui parfaitement,Oui parfaitement,Moyennement,Moyennement,Beaucoup,Beaucoup,Beaucoup
2021/05/24 3:27:30 PM UTC+2,Etudes techno,2 à 4,Réaction physique,<5,Non,Parfois,Oui,1 à 3,Mettre en question,<3,<5,Tu prends la décision tout seul indépendamment des autres,Tu n'aimes pas te dévoiler devant les autres,Tu participes et tu acceptes changer tes idées?,Oui souvent,Non mais moyenne en 3eme annee secondaire >10,Oui souvent,Un travail actif,Pas du tout,Moyennement,Moyennement,Oui parfaitement,Moyennement,<10,Oui parfaitement,Oui parfaitement,Oui parfaitement,Moyennement,Moyennement,Moyennement,Oui parfaitement,Oui parfaitement,Moyennement,Moyennement,Pas du tout,Moyennement
2021/05/24 12:51:24 PM UTC+2,Arts et métiers,2 à 4,Réaction verbale,<5,1 à 2,Non,Oui,Non,Négliger,<3,<5,Laisser les autres décider à ta place,Tu t'exprimes mais timidement,Tu ne participes pas et tu préfères garder tes idées à toi?,Un peu,,Non,Un travail actif,Beaucoup,Beaucoup,Pas du tout,Oui parfaitement,Moyennement,<10,Moyennement,Pas du tout,Pas du tout,Pas du tout,Oui parfaitement,Oui parfaitement,Pas du tout,Moyennement,Pas du tout,Moyennement,Pas du tout,Pas du tout
2021/04/19 12:37:50 AM UTC+2,Médicale,2 à 4,Ecrire,5 à 10,Non,Parfois,Oui,1 à 3,Négliger,<3,<5,Tu prends la décision tout seul indépendamment des autres,Tu t'exprimes mais timidement,Tu participes et tu tiens à tes idées?,Oui souvent,Non mais moyenne en 3eme annee secondaire >10,Non,Un travail actif,Pas du tout,Moyennement,Oui parfaitement,Moyennement,Oui parfaitement,10 à 15,Moyennement,Moyennement,Moyennement,Moyennement,Pas du tout,Moyennement,Oui parfaitement,Moyennement,Moyennement,Moyennement,Pas du tout,Beaucoup
2021/05/24 12:08:52 PM UTC+2,Etudes ingénieurs & architech,<2,Réaction verbale,<5,Non,Non,Oui,>3,Mettre en question,3 à 7,>5,"Discuter ton point de vue, puis décider",Tu sais séduire les autres,Tu participes et tu acceptes changer tes idées?,Oui souvent,,Oui souvent,Un tarvail de bureau,Pas du tout,Beaucoup,Oui parfaitement,Oui parfaitement,Oui parfaitement,10 à 15,Oui parfaitement,Oui parfaitement,Oui parfaitement,Oui parfaitement,Pas du tout,Pas du tout,Oui parfaitement,Oui parfaitement,Moyennement,Beaucoup,Pas du tout,Pas du tout
2021/04/19 12:34:05 AM UTC+2,Médicale,>4,Réaction verbale,>10,Non,Non,Non,Non,Mettre en question,3 à 7,>5,"Discuter ton point de vue, puis décider",Tu n'aimes pas te dévoiler devant les autres,Tu participes et tu acceptes changer tes idées?,Oui souvent,Non mais moyenne en 3eme annee secondaire >10,Rarement,Un travail actif,Pas du tout,Moyennement,Oui parfaitement,Oui parfaitement,Oui parfaitement,10 à 15,Oui parfaitement,Moyennement,Moyennement,Moyennement,Moyennement,Moyennement,Oui parfaitement,Moyennement,Moyennement,Pas du tout,Pas du tout,Beaucoup
2021/05/23 10:26:15 PM UTC+2,Etudes techno,2 à 4,Réaction verbale,<5,Non,Non,Non,Non,Mettre en question,3 à 7,>5,Tu prends la décision tout seul indépendamment des autres,Tu n'aimes pas te dévoiler devant les autres,Tu participes et tu acceptes changer tes idées?,Un peu,Non mais moyenne en 3eme annee secondaire >10,Rarement,Un travail actif,Pas du tout,Moyennement,Oui parfaitement,Oui parfaitement,Oui parfaitement,<10,Oui parfaitement,Oui parfaitement,Oui parfaitement,Moyennement,Pas du tout,Moyennement,Oui parfaitement,Oui parfaitement,Moyennement,Pas du tout,Pas du tout,Beaucoup
2021/04/20 3:22:26 PM UTC+2,Arts et métiers,<2,Réaction physique,<5,Non,Non,Non,Non,Mettre en question,<3,<5,"Discuter ton point de vue, puis décider",Tu sais séduire les autres,Tu participes et tu acceptes changer tes idées?,Oui souvent,Non mais moyenne en 3eme annee secondaire <10,Non,Un travail actif,Beaucoup,Beaucoup,Oui parfaitement,Moyennement,Oui parfaitement,<10,Oui parfaitement,Pas du tout,Pas du tout,Moyennement,Oui parfaitement,Oui parfaitement,Oui parfaitement,Oui parfaitement,Oui parfaitement,Moyennement,Pas du tout,Beaucoup
2021/04/19 12:28:07 AM UTC+2,Médicale,2 à 4,Réaction verbale,>10,Non,Non,Oui,1 à 3,,<3,<5,Tu prends la décision tout seul indépendamment des autres,Tu n'aimes pas te dévoiler devant les autres,Tu participes et tu acceptes changer tes idées?,Oui souvent,Non mais moyenne en 3eme annee secondaire >10,Non,Un travail actif,Pas du tout,Pas du tout,Oui parfaitement,Oui parfaitement,Oui parfaitement,>15,Oui parfaitement,Moyennement,Moyennement,Moyennement,Moyennement,Moyennement,Oui parfaitement,Moyennement,Moyennement,Pas du tout,Pas du tout,Pas du tout
2021/05/24 12:30:42 PM UTC+2,Agriculture & environnement,<2,Réaction physique,<5,Non,Non,Oui,>3,Mettre en question,3 à 7,>5,"Discuter ton point de vue, puis décider",Tu t'exprimes mais timidement,Tu participes et tu acceptes changer tes idées?,Un peu,,Non,Un travail actif,Pas du tout,Moyennement,Pas du tout,Moyennement,Pas du tout,10 à 15,Pas du tout,Pas du tout,Pas du tout,Pas du tout,Oui parfaitement,Oui parfaitement,Moyennement,Moyennement,Moyennement,Pas du tout,Moyennement,Moyennement
2021/04/17 3:14:22 PM UTC+2,Médias,<2,Réaction verbale,<5,Non,Non,Oui,Non,Admettre,<3,<5,"Discuter ton point de vue, puis décider",Tu sais séduire les autres,Tu participes et tu acceptes changer tes idées?,Oui souvent,Non mais moyenne en 3eme annee secondaire <10,Rarement,L'essentiel un travail peu fatiguant,Pas du tout,Pas du tout,Oui parfaitement,Moyennement,Oui parfaitement,<10,Oui parfaitement,Pas du tout,Pas du tout,Moyennement,Pas du tout,Moyennement,Oui parfaitement,Moyennement,Oui parfaitement,Beaucoup,Pas du tout,Moyennement
2021/04/17 2:09:21 PM UTC+2,Lettres & langues,>4,Réaction verbale,>10,>2,Non,Oui,>3,Mettre en question,<3,>5,"Discuter ton point de vue, puis décider",Tu sais séduire les autres,Tu participes et tu acceptes changer tes idées?,Oui souvent,Non mais moyenne en 3eme annee secondaire <10,Oui souvent,Un tarvail de bureau,Moyennement,Moyennement,Oui parfaitement,Oui parfaitement,Oui parfaitement,<10,Oui parfaitement,Pas du tout,Pas du tout,Oui parfaitement,Moyennement,Pas du tout,Moyennement,Oui parfaitement,Oui parfaitement,Beaucoup,Pas du tout,Pas du tout
2021/05/24 11:44:36 AM UTC+2,Etudes ingénieurs & architech,<2,Réaction verbale,<5,Non,Parfois,Non,Non,Mettre en question,<3,<5,"Discuter ton point de vue, puis décider",Tu sais séduire les autres,Tu participes et tu acceptes changer tes idées?,Un peu,,Rarement,Un tarvail de bureau,Pas du tout,Moyennement,Moyennement,Oui parfaitement,Moyennement,>15,Oui parfaitement,Moyennement,Moyennement,Moyennement,Oui parfaitement,,Oui parfaitement,Oui parfaitement,Oui parfaitement,Beaucoup,Pas du tout,Pas du tout
2021/06/06 10:21:48 AM UTC+2,Médias,2 à 4,Réaction verbale,<5,Non,Non,Non,Non,Mettre en question,3 à 7,>5,"Discuter ton point de vue, puis décider",Tu sais séduire les autres,Tu participes et tu acceptes changer tes idées?,Oui souvent,,Non,Un travail actif,Pas du tout,Pas du tout,Oui parfaitement,Moyennement,Moyennement,<10,Oui parfaitement,Pas du tout,Pas du tout,Oui parfaitement,Pas du tout,Pas du tout,Moyennement,Moyennement,Oui parfaitement,Moyennement,Pas du tout,Pas du tout
2021/04/18 11:47:35 PM UTC+2,Sc. Juridiques,<2,Réaction verbale,<5,Non,Souvent,Non,Non,Mettre en question,3 à 7,<5,"Discuter ton point de vue, puis décider",Tu sais séduire les autres,Tu participes et tu tiens à tes idées?,Oui souvent,Non mais moyenne en 3eme annee secondaire <10,Oui souvent,Un tarvail de bureau,Beaucoup,Pas du tout,Oui parfaitement,Oui parfaitement,Oui parfaitement,<10,Moyennement,Pas du tout,Pas du tout,Moyennement,Oui parfaitement,Pas du tout,Oui parfaitement,Moyennement,Oui parfaitement,Beaucoup,Pas du tout,Pas du tout
2021/04/17 2:26:53 PM UTC+2,Médias,>4,Réaction verbale,>10,Non,Parfois,Non,1 à 3,Mettre en question,>7,Tous,"Discuter ton point de vue, puis décider",Tu sais séduire les autres,Tu participes et tu acceptes changer tes idées?,Oui souvent,Non mais moyenne en 3eme annee secondaire <10,Non,Un tarvail de bureau,Moyennement,Moyennement,Oui parfaitement,Oui parfaitement,Moyennement,<10,Oui parfaitement,Pas du tout,Pas du tout,Oui parfaitement,Moyennement,Oui parfaitement,Oui parfaitement,Oui parfaitement,Oui parfaitement,Beaucoup,Pas du tout,Pas du tout
2021/04/17 3:28:06 PM UTC+2,Médias,<2,Réaction verbale,<5,Non,Non,Non,Non,Mettre en question,>7,Tous,"Discuter ton point de vue, puis décider",Tu t'exprimes mais timidement,Tu ne participes pas et tu préfères garder tes idées à toi?,Un peu,Non mais moyenne en 3eme annee secondaire <10,Rarement,Un travail actif,Pas du tout,Pas du tout,Moyennement,Oui parfaitement,Oui parfaitement,<10,Oui parfaitement,Pas du tout,Pas du tout,Oui parfaitement,Pas du tout,Pas du tout,Moyennement,Oui parfaitement,Moyennement,Moyennement,Pas du tout,Pas du tout
2021/05/23 10:23:50 PM UTC+2,Etudes techno,<2,Réaction verbale,5 à 10,Non,Parfois,Oui,Non,Mettre en question,<3,<5,Tu prends la décision tout seul indépendamment des autres,Tu sais séduire les autres,Tu participes et tu acceptes changer tes idées?,Un peu,Non mais moyenne en 3eme annee secondaire >10,Oui souvent,Un travail actif,Pas du tout,Beaucoup,Oui parfaitement,Oui parfaitement,Oui parfaitement,10 à 15,Oui parfaitement,Oui parfaitement,Oui parfaitement,Moyennement,Pas du tout,Moyennement,Oui parfaitement,Oui parfaitement,Moyennement,Moyennement,Pas du tout,Moyennement
2021/04/17 1:05:16 PM UTC+2,Lettres & langues,>4,Ecrire,>10,>2,Non,Oui,>3,Mettre en question,3 à 7,<5,"Discuter ton point de vue, puis décider",Tu n'aimes pas te dévoiler devant les autres,Tu participes et tu acceptes changer tes idées?,Un peu,Non mais moyenne en 3eme annee secondaire <10,Non,Un tarvail de bureau,Pas du tout,Pas du tout,Moyennement,Moyennement,Moyennement,10 à 15,Moyennement,Pas du tout,Pas du tout,Moyennement,Pas du tout,Pas du tout,Moyennement,Pas du tout,Moyennement,Beaucoup,Pas du tout,Moyennement
2021/04/17 4:18:15 PM UTC+2,Sc. Juridiques,<2,Réaction verbale,<5,Non,Non,Non,1 à 3,Mettre en question,<3,Tous,Tu prends la décision tout seul indépendamment des autres,Tu n'aimes pas te dévoiler devant les autres,Tu participes et tu tiens à tes idées?,Un peu,Non mais moyenne en 3eme annee secondaire <10,Oui souvent,Un tarvail de bureau,Pas du tout,Pas du tout,Oui parfaitement,Oui parfaitement,Pas du tout,<10,Moyennement,Pas du tout,Pas du tout,Pas du tout,Oui parfaitement,Pas du tout,Oui parfaitement,Moyennement,Pas du tout,Beaucoup,Pas du tout,Pas du tout
2021/06/04 2:50:46 PM UTC+2,Sc. Fondamentales,2 à 4,Réaction verbale,>10,Non,Parfois,Oui,1 à 3,Négliger,3 à 7,>5,Tu prends la décision tout seul indépendamment des autres,Tu sais séduire les autres,Tu participes et tu acceptes changer tes idées?,Oui souvent,Oui,Oui souvent,Un travail actif,Pas du tout,Moyennement,Oui parfaitement,Oui parfaitement,Oui parfaitement,10 à 15,Oui parfaitement,Oui parfaitement,Oui parfaitement,Moyennement,Pas du tout,Pas du tout,Oui parfaitement,Moyennement,Moyennement,Moyennement,Pas du tout,Beaucoup
2021/04/27 4:04:52 PM UTC+2,Médicale,2 à 4,Réaction verbale,<5,1 à 2,Parfois,Oui,Non,Admettre,<3,<5,"Discuter ton point de vue, puis décider",Tu t'exprimes mais timidement,Tu participes et tu acceptes changer tes idées?,Un peu,Non mais moyenne en 3eme annee secondaire >10,Rarement,L'essentiel un travail peu fatiguant,Pas du tout,Pas du tout,Moyennement,Pas du tout,Moyennement,>15,Moyennement,Moyennement,Oui parfaitement,Moyennement,Moyennement,Pas du tout,Oui parfaitement,Moyennement,Pas du tout,Moyennement,Pas du tout,Beaucoup
2021/06/06 10:14:24 AM UTC+2,Médicale,<2,Réaction verbale,<5,Non,Non,Non,Non,Mettre en question,<3,<5,"Discuter ton point de vue, puis décider",Tu sais séduire les autres,Tu participes et tu acceptes changer tes idées?,Oui souvent,,Non,Un travail actif,Pas du tout,,Moyennement,Moyennement,Oui parfaitement,>15,Moyennement,Moyennement,Moyennement,Moyennement,Oui parfaitement,Moyennement,Moyennement,Moyennement,Moyennement,Beaucoup,Pas du tout,Pas du tout
2021/06/04 2:52:18 PM UTC+2,Sc. Fondamentales,<2,Réaction physique,5 à 10,1 à 2,Parfois,Oui,Non,Mettre en question,<3,<5,"Discuter ton point de vue, puis décider",Tu sais séduire les autres,Tu participes et tu acceptes changer tes idées?,Oui souvent,Oui,Non,L'essentiel un travail peu fatiguant,Pas du tout,Moyennement,Oui parfaitement,Oui parfaitement,Moyennement,10 à 15,Moyennement,Oui parfaitement,Oui parfaitement,Moyennement,Pas du tout,Pas du tout,Oui parfaitement,Moyennement,Moyennement,Beaucoup,Pas du tout,Moyennement
2021/04/17 2:43:24 PM UTC+2,Médias,2 à 4,Réaction verbale,>10,Non,Non,Non,Non,Mettre en question,3 à 7,>5,"Discuter ton point de vue, puis décider",Tu sais séduire les autres,Tu participes et tu acceptes changer tes idées?,Un peu,Non mais moyenne en 3eme annee secondaire <10,Rarement,Un tarvail de bureau,Moyennement,Moyennement,Moyennement,Oui parfaitement,Oui parfaitement,<10,Oui parfaitement,Pas du tout,Pas du tout,Oui parfaitement,Moyennement,Oui parfaitement,Oui parfaitement,Oui parfaitement,Oui parfaitement,Beaucoup,Pas du tout,Pas du tout
2021/05/23 10:39:33 PM UTC+2,Agriculture & environnement,<2,Réaction verbale,<5,Non,Non,Non,Non,Mettre en question,<3,<5,"Discuter ton point de vue, puis décider",Tu sais séduire les autres,Tu participes et tu acceptes changer tes idées?,Un peu,Non mais moyenne en 3eme annee secondaire >10,Non,Un travail actif,Pas du tout,Beaucoup,Oui parfaitement,Oui parfaitement,Oui parfaitement,10 à 15,Moyennement,Moyennement,Pas du tout,Oui parfaitement,Oui parfaitement,Oui parfaitement,Moyennement,Moyennement,Moyennement,Beaucoup,Beaucoup,Pas du tout
2021/04/17 1:17:11 PM UTC+2,Lettres & langues,2 à 4,Réaction verbale,>10,1 à 2,Parfois,Oui,1 à 3,Mettre en question,>7,>5,"Discuter ton point de vue, puis décider",Tu sais séduire les autres,Tu participes et tu acceptes changer tes idées?,Oui souvent,Non mais moyenne en 3eme annee secondaire <10,Non,L'essentiel un travail peu fatiguant,Pas du tout,Pas du tout,Oui parfaitement,Oui parfaitement,Moyennement,<10,Pas du tout,Pas du tout,Pas du tout,Oui parfaitement,Pas du tout,Pas du tout,Pas du tout,Pas du tout,Pas du tout,Beaucoup,Pas du tout,Pas du tout
2021/04/19 1:08:51 AM UTC+2,Gestion et sc. Économiques,<2,Réaction verbale,<5,Non,Non,Non,Non,Admettre,<3,<5,"Discuter ton point de vue, puis décider",Tu sais séduire les autres,Tu participes et tu acceptes changer tes idées?,Pas du tout,Oui,Rarement,Un tarvail de bureau,Pas du tout,Pas du tout,Oui parfaitement,Oui parfaitement,Moyennement,<10,Oui parfaitement,Oui parfaitement,Pas du tout,Moyennement,Oui parfaitement,Oui parfaitement,Moyennement,Moyennement,Oui parfaitement,Moyennement,Pas du tout,Pas du tout
2021/04/17 1:28:21 PM UTC+2,Lettres & langues,>4,Réaction verbale,>10,1 à 2,Non,Oui,>3,Mettre en question,<3,<5,"Discuter ton point de vue, puis décider",Tu t'exprimes mais timidement,Tu ne participes pas et tu préfères garder tes idées à toi?,Un peu,Non mais moyenne en 3eme annee secondaire <10,Non,Un tarvail de bureau,Moyennement,Moyennement,Pas du tout,Oui parfaitement,Moyennement,<10,Pas du tout,Pas du tout,Pas du tout,Moyennement,Pas du tout,Pas du tout,Pas du tout,Pas du tout,Moyennement,Beaucoup,Moyennement,Moyennement
2021/05/23 10:27:41 PM UTC+2,Etudes techno,<2,Réaction physique,<5,Non,Parfois,Oui,1 à 3,Négliger,<3,<5,"Discuter ton point de vue, puis décider",Tu sais séduire les autres,Tu participes et tu acceptes changer tes idées?,Oui souvent,Non mais moyenne en 3eme annee secondaire >10,Rarement,Un travail actif,Pas du tout,Beaucoup,Oui parfaitement,Oui parfaitement,Moyennement,10 à 15,Oui parfaitement,Oui parfaitement,Oui parfaitement,Moyennement,Moyennement,Moyennement,Oui parfaitement,Oui parfaitement,Moyennement,Pas du tout,Pas du tout,Beaucoup
2021/04/19 1:12:26 AM UTC+2,Gestion et sc. Économiques,<2,Réaction verbale,<5,Non,Non,Non,Non,Mettre en question,<3,<5,"Discuter ton point de vue, puis décider",Tu sais séduire les autres,Tu participes et tu tiens à tes idées?,Un peu,Oui,Non,Un tarvail de bureau,Pas du tout,Pas du tout,Moyennement,Oui parfaitement,Oui parfaitement,<10,Oui parfaitement,Oui parfaitement,Moyennement,Oui parfaitement,Moyennement,Oui parfaitement,Oui parfaitement,Oui parfaitement,Moyennement,Beaucoup,Pas du tout,Pas du tout
2021/04/20 3:23:54 PM UTC+2,Arts et métiers,<2,Réaction verbale,<5,1 à 2,Parfois,Oui,1 à 3,Mettre en question,<3,<5,Tu prends la décision tout seul indépendamment des autres,Tu n'aimes pas te dévoiler devant les autres,Tu participes et tu acceptes changer tes idées?,Un peu,Non mais moyenne en 3eme annee secondaire >10,Rarement,Un travail actif,Beaucoup,Beaucoup,Oui parfaitement,Oui parfaitement,Oui parfaitement,10 à 15,Oui parfaitement,Moyennement,Pas du tout,Oui parfaitement,Oui parfaitement,Oui parfaitement,Oui parfaitement,Oui parfaitement,Oui parfaitement,Moyennement,Pas du tout,Beaucoup
2021/04/19 5:43:55 PM UTC+2,Arts et métiers,<2,Réaction physique,<5,1 à 2,Non,Oui,1 à 3,Mettre en question,<3,<5,"Discuter ton point de vue, puis décider",Tu t'exprimes mais timidement,Tu participes et tu acceptes changer tes idées?,Oui souvent,Non mais moyenne en 3eme annee secondaire <10,Non,Un travail actif,Beaucoup,Beaucoup,Moyennement,Oui parfaitement,Moyennement,<10,Oui parfaitement,Pas du tout,Pas du tout,Moyennement,Oui parfaitement,Oui parfaitement,Oui parfaitement,Oui parfaitement,Moyennement,Moyennement,Pas du tout,Beaucoup
